Incident ID,Incident Date,State,City Or County,Address,# Killed,# Injured,Operations
1684658,5/21/2020,Michigan,Detroit,18600 block of Birwood St,1,0,N/A
1684673,5/20/2020,Illinois,Peoria,2300 block of N Maryland St,1,0,N/A
1682594,5/18/2020,Texas,Dallas,500 block of Highcrest Dr,2,1,N/A
1682432,5/17/2020,Michigan,Flint,2200 block of Cadillac St,1,0,N/A
1682273,5/17/2020,California,La Puente,N Hacienda Blvd and Amar Rd,1,0,N/A
1681915,5/17/2020,Ohio,Cincinnati,4800 block of Hawaiian Terrace,1,0,N/A
1681557,5/16/2020,Georgia,White,Chitwood Cove Rd,1,0,N/A
1679922,5/14/2020,Missouri,Saint Louis,4000 block of Peck St,1,0,N/A
1678116,5/12/2020,Kentucky,Brodhead,140 Castle Village Dr,2,0,N/A
1677391,5/11/2020,Louisiana,New Orleans,Vespasian St and L B Landry Ave,2,1,N/A
1675912,5/9/2020,Florida,Saint Petersburg,3738 18th Terrace S,1,0,N/A
1673111,5/5/2020,Arizona,Tucson,800 block of W Roger Rd,1,0,N/A
1677135,5/5/2020,South Carolina,North Charleston,2664 Leeds Ave,2,0,N/A
1673119,5/5/2020,Texas,La Porte,10200 block of Old Orchard Rd,1,0,N/A
1671655,5/3/2020,Kentucky,Elizabethtown,1242 Woodland Dr,1,0,N/A
1670329,5/1/2020,Arkansas,Little Rock,1 Karon Court,2,0,N/A
1670035,5/1/2020,Alabama,Pinson,9100 block of Cedar Mountain Rd,1,1,N/A
1669355,4/29/2020,South Carolina,Columbia,100 block of Tarragon Dr,1,1,N/A
1669698,4/28/2020,Oregon,Sweet Home,1530 Tamarack St,4,0,N/A
1666985,4/27/2020,Texas,San Antonio,17655 Henderson Pass,4,0,N/A
1666794,4/26/2020,Arkansas,Pine Bluff,1800 block of E 6th Ave,2,1,N/A
1665058,4/23/2020,Tennessee,Ooltewah,8548 River Birch Loop,1,0,N/A
1664724,4/23/2020,Mississippi,Senatobia,1000 block of N Crockett Rd,1,0,N/A
1663572,4/21/2020,Colorado,Westminster,10700 block of Moore Circle,1,0,N/A
1663445,4/21/2020,Texas,Killeen,4500 block of Alan Kent Dr,1,0,N/A
1663620,4/20/2020,Pennsylvania,Philadelphia,2900 block of Secane Dr,1,0,N/A
1662254,4/19/2020,Missouri,Poplar Bluff,100 block of Township Line Rd,2,0,N/A
1659966,4/15/2020,Mississippi,Jackson,1200 block of Wood Village Dr,1,3,N/A
1659079,4/14/2020,Ohio,Springfield,Clay St,1,0,N/A
1658745,4/14/2020,South Carolina,North Charleston,2600 block of Leeds Ave,2,0,N/A
1665283,4/12/2020,Georgia,Savannah (Garden City),Second St,1,0,N/A
1657017,4/11/2020,Tennessee,Memphis,820 Par Ave,1,0,N/A
1657394,4/11/2020,Georgia,Conley,1600 Block of Lamont Ave,1,1,N/A
1656234,4/10/2020,Florida,Spring Hill,9474 Dunkirk Rd,3,0,N/A
1656322,4/10/2020,Virginia,Roanoke,1606 Chapman Ave SW,1,1,N/A
1659684,4/9/2020,Ohio,Middle Point,301 E Lewis St,1,0,N/A
1655206,4/8/2020,South Carolina,Rock Hill,1420 Yorkdale Dr,3,0,N/A
1653122,4/6/2020,Mississippi,Jackson,1390 Forest Ave,1,0,N/A
1653288,4/6/2020,Florida,Jacksonville,10300 Block of Monaco Dr,1,0,N/A
1652874,4/5/2020,Pennsylvania,Chester,2600 block of Swarts St,1,0,N/A
1651203,4/2/2020,Illinois,Thornton,Blackhawk Dr and Chicago Rd,1,0,N/A
1650388,4/2/2020,Florida,Daytona Beach,178 Center St,1,1,N/A
1649813,3/31/2020,Indiana,Indianapolis,3200 block of N Tacoma Ave,1,0,N/A
1649454,3/31/2020,North Carolina,Lexington,Greensboro St and W Hemstead St,2,0,N/A
1650049,3/31/2020,Texas,Houston,8100 block of Richmond Ave,1,0,N/A
1647912,3/29/2020,California,Lomita,25814 Hillworth Ave,3,0,N/A
1648311,3/29/2020,South Carolina,Myrtle Beach (Surfside Beach),Drake Ln,3,0,N/A
1649123,3/28/2020,Kansas,Wichita,4500 block of S Walnut St,2,0,N/A
1646351,3/26/2020,Arizona,Sahuarita,899 W Vuelta Granadina,2,0,N/A
1646390,3/26/2020,Tennessee,Memphis,2778 Pickering Dr,1,0,N/A
1646198,3/25/2020,Florida,Fort Walton Beach,1450 Miracle Strip Pkwy,1,1,N/A
1641069,3/17/2020,Kentucky,Lexington,400 block of Campbell St,1,0,N/A
1640042,3/15/2020,Kentucky,Louisville,4200 block of Lees Lane,1,0,N/A
1640826,3/15/2020,Idaho,Horseshoe Bend,100 block of Canyon St,1,0,N/A
1639222,3/13/2020,Tennessee,Memphis,650 Gallan Dr,1,0,N/A
1637594,3/10/2020,Texas,Dallas,16060 Dallas Pkwy,4,0,N/A
1636763,3/8/2020,North Carolina,Fairview,N/A,1,0,N/A
1632363,3/2/2020,California,Hanford,1000 block of W Cortner St,2,0,N/A
1626734,2/22/2020,Missouri,Saint Louis,Highland Ave and N Euclid Ave,1,1,N/A
1622731,2/16/2020,Tennessee,Memphis,1984 Bonnie Dr,1,0,N/A
1621614,2/14/2020,Virginia,Midland,12870 Elk Run Rd,2,1,N/A
1621669,2/13/2020,California,Vallejo,500 block of Quartz Lane,3,0,N/A
1619984,2/11/2020,Louisiana,New Iberia,2200 block of N Neco Town Rd,1,0,N/A
1619510,2/11/2020,Texas,Sugar Land,8511 Evening Light Dr,3,0,N/A
1618350,2/10/2020,Florida,Naples,1549 Sandpiper St,2,0,N/A
1617744,2/9/2020,Pennsylvania,Pittsburgh,258 East Warrington Ave,1,0,N/A
1616850,2/8/2020,Wisconsin,Milwaukee,5300 block of N Lovers Lane Rd,1,0,N/A
1616601,2/7/2020,New Jersey,Browns Mills,21 Maricopa Trail,1,0,N/A
1616774,2/7/2020,Louisiana,Shreveport,3900 block of Merwin St,1,0,N/A
1612411,2/2/2020,Alabama,Harvest,101 Berrycreek Dr,1,0,N/A
1611651,2/1/2020,Tennessee,Jackson,2023 S Highland Ave,1,0,N/A
1611420,2/1/2020,Virginia,Richmond,1700 block of Southlawn Ave,1,0,N/A
1611369,1/31/2020,Texas,Clyde,CR 525,1,0,N/A
1609445,1/30/2020,Pennsylvania,Philadelphia,2100 block of N Lambert St,1,0,N/A
1609952,1/30/2020,Alabama,Mobile,1 East Interstate 65 Service Rd S,1,0,N/A
1606124,1/26/2020,California,Elk Grove,5500 block of Tamarindo Lane,2,0,N/A
1605798,1/26/2020,New York,Newburgh,1571 NY-300,3,1,N/A
1605309,1/25/2020,Louisiana,Baton Rouge,1915 Birch St,1,0,N/A
1606756,1/24/2020,Colorado,Estes Park,Upper Beaver Meadows Rd,2,0,N/A
1606476,1/24/2020,North Carolina,Vanceboro,107 Kinshaw Ct,5,0,N/A
1601841,1/20/2020,Tennessee,Memphis,6872 Kirby Mills Cove,2,0,N/A
1600999,1/19/2020,Tennessee,Memphis,Josephine St and Carnes Ave,1,0,N/A
1601442,1/19/2020,Indiana,Bloomington,1297 E Zinnia Dr,1,1,N/A
1589050,1/5/2020,Texas,Dallas,2900 block of Valentine St,1,1,N/A
1586315,1/1/2020,South Carolina,Walterboro,Barracada Rd,2,0,N/A
1587369,1/1/2020,North Carolina,Greensboro,3600 block of Sweet Birch Dr,3,0,N/A
1592700,12/29/2019,Texas,Mount Pleasant,Private Rd 2321,1,0,N/A
1580278,12/24/2019,Alabama,Monroeville,Co Rd 42,1,0,N/A
1577156,12/21/2019,Texas,San Antonio,6310 Channel View,1,0,N/A
1574777,12/17/2019,South Carolina,Graniteville,1600 Kalmia Apartments Ln,2,0,N/A
1574980,12/16/2019,Virginia,Virginia Beach,1400 block of E Intruder Cir,2,0,N/A
1572680,12/16/2019,Indiana,Gary,4300 block of W 23rd Ave,1,1,N/A
1572873,12/16/2019,Oklahoma,Oklahoma City,W Hefner Rd and N Western Ave,1,1,N/A
1572059,12/14/2019,Ohio,Sandusky,5000 block of Memphis Ave,1,0,N/A
1572037,12/14/2019,Oklahoma,Jenks,3706 W 106th St S,3,0,N/A
1572029,12/14/2019,Ohio,Pataskala,323 Haystack Ct,1,0,N/A
1571616,12/14/2019,California,Ontario,1386 East F St,3,1,N/A
1567437,12/8/2019,Tennessee,Memphis,397 Delta Rd,1,0,N/A
1566568,12/7/2019,Alabama,Birmingham,F L Shuttlesworth Dr and 33rd Terrace N,1,0,N/A
1567442,12/7/2019,Tennessee,Cookeville,Pippin Rd,1,0,N/A
1561977,12/1/2019,Minnesota,Minneapolis,2738 Oakland Ave S,4,0,N/A
1561428,11/29/2019,Tennessee,Memphis,3700 block of Station Way,1,0,N/A
1560553,11/28/2019,South Carolina,Springfield,N/A,1,0,N/A
1556439,11/23/2019,Ohio,Cleveland,1800 block of E 97th St,1,0,N/A
1555887,11/23/2019,California,Union City,33629 15th St,2,0,N/A
1554251,11/20/2019,California,Los Angeles,2042 W 41st St,1,0,N/A
1553904,11/20/2019,Missouri,Saint Louis,232 Tay Rd,1,0,N/A
1550546,11/16/2019,California,San Diego,2152 Flintridge Dr,6,0,N/A
1551098,11/16/2019,South Carolina,Pickens,Shady Grove Rd,1,0,N/A
1550315,11/15/2019,South Carolina,Lancaster,1700 block of Usher Rd,1,0,N/A
1550254,11/15/2019,Louisiana,Shreveport,7210 Bernstein Ave,1,1,N/A
1550099,11/15/2019,New Jersey,Pleasantville,701 Mill Rd,1,2,N/A
1546480,11/11/2019,Pennsylvania,Philadelphia,5700 block of Haddington Ln,1,0,N/A
1540873,11/2/2019,Texas,Cedar Hill,900 block of S Highland Dr,1,0,N/A
1539761,11/1/2019,Texas,Houston,6414 Skyview Dr,1,0,N/A
1537992,10/30/2019,Pennsylvania,Philadelphia,5026 Walton Ave,4,0,N/A
1537557,10/29/2019,Texas,Deer Park,1417 New Orleans St,4,0,N/A
1535141,10/26/2019,Alabama,Hanceville,400 block of Co Rd 597,1,0,N/A
1533610,10/23/2019,Indiana,Mooresville,2749 E CR-800 S,1,0,N/A
1532178,10/21/2019,Michigan,Port Huron,3027 Cooper Ave,2,0,N/A
1530852,10/20/2019,Pennsylvania,Philadelphia,3300 block of N Water St,3,0,N/A
1528713,10/17/2019,Indiana,Mooresville,E Centenary Rd and N Kitchen Rd,1,0,N/A
1527768,10/15/2019,Oklahoma,Miami,217 I Street NW,2,2,N/A
1527013,10/14/2019,Pennsylvania,Philadelphia,6320 Hegerman St,3,1,N/A
1521226,10/7/2019,Massachusetts,Abington,135 Centre Ave,5,0,N/A
1520107,10/5/2019,Alabama,Friendship,N/A,1,0,N/A
1521125,10/5/2019,South Carolina,Hanahan,5800 block of Robinson St,1,0,N/A
1519891,10/5/2019,Ohio,Cleveland,1388 E 171st St,1,0,N/A
1520071,10/5/2019,Oklahoma,Lawton,105 SE Trenton Rd,4,0,N/A
1515862,9/29/2019,Kansas,Parsons,3100 Corning Ave,2,1,N/A
1514812,9/28/2019,Georgia,Fort Valley,515 Cliett St,1,0,N/A
1511907,9/24/2019,Missouri,Kansas City (Gladstone),41 NE 60th Terrace,1,0,N/A
1511209,9/23/2019,Illinois,Harvey,Paulina St and W 158th St,1,0,N/A
1509846,9/21/2019,Illinois,Joliet,8300 block of Buckingham Lane,2,2,N/A
1511761,9/21/2019,Colorado,Lone Tree,9045 Yosemite St,2,0,N/A
1510707,9/16/2019,Missouri,Bland,County Rd A and Valentine Ford Rd,2,0,N/A
1504579,9/15/2019,Texas,Arlington,1409 Cloyne Dr,1,1,N/A
1504619,9/15/2019,Texas,Fort Worth,7700 block of Greengage Dr,1,0,N/A
1504561,9/14/2019,Tennessee,Knoxville,500 block of Balsam Dr,1,0,N/A
1502475,9/12/2019,Missouri,Saint Louis,9605 Jacobi Ave,1,0,N/A
1499300,9/7/2019,North Carolina,Whiteville,Brittany Ln,3,1,N/A
1499195,9/7/2019,Tennessee,Hermitage,3213 Dockside Dr,3,0,N/A
1498337,9/5/2019,California,Visalia,West Sweet Court,1,0,N/A
1497702,9/4/2019,Louisiana,Marrero,3044 Sorbonne Dr,2,2,N/A
1495192,9/2/2019,Alabama,Elkmont,25019 Ridge Road,5,0,N/A
1495103,9/1/2019,Alabama,Geneva,E Latimer Ave,1,0,N/A
1494464,9/1/2019,Maryland,Rising Sun,1183 Ridge Rd,2,0,N/A
1491675,8/30/2019,Texas,Houston,21717 Inverness Forest Blvd,3,0,N/A
1491344,8/29/2019,Arizona,Mesa,N Mesa Dr and E McKellips Rd,2,0,N/A
1489161,8/27/2019,Virginia,Keeling,1949 Keeling Dr,3,0,N/A
1488198,8/25/2019,Florida,Pembroke Pines,1657 SW 156th Ave,4,0,N/A
1487202,8/24/2019,Missouri,Saint Louis,715 N 21st St,2,0,N/A
1487162,8/24/2019,Indiana,Indianapolis,2345 N. Guilford Ave,2,1,N/A
1487550,8/24/2019,Florida,Daytona Beach,212 S Keech St,1,0,N/A
1486675,8/23/2019,Missouri,Saint Louis,1122 Union Blvd,1,3,N/A
1485122,8/20/2019,Michigan,Alma,W Tyler Rd,1,0,N/A
1483899,8/20/2019,Pennsylvania,York,258 E Philadelphia St,1,0,N/A
1482830,8/18/2019,North Carolina,Durham,Duke St and Leon St,1,1,N/A
1482469,8/17/2019,Oklahoma,Clinton,14th St and Dunn Ave,1,0,N/A
1481415,8/16/2019,Alabama,Montgomery,Coronet Drive,1,0,N/A
1479992,8/14/2019,West Virginia,Nitro,1324 Main Ave,1,0,N/A
1480930,8/14/2019,Minnesota,Heron Lake,N/A,1,0,N/A
1479182,8/14/2019,Texas,Dallas,3535 Munger Ave,1,0,N/A
1477014,8/12/2019,Missouri,Saint Louis,3500 block of N 11th St,1,1,N/A
1476322,8/10/2019,Missouri,Kansas City,8300 block of Tracy Ave,1,1,N/A
1477629,8/10/2019,Pennsylvania,Guys Mills,Guys Mills Rd,2,0,N/A
1474760,8/9/2019,Texas,Mckinney,5500 McKinney Place Dr,1,0,N/A
1466848,8/3/2019,Louisiana,Shreveport,3000 block of Sunnybrook St,1,0,N/A
1465898,8/2/2019,Virginia,Colonial Heights,100 block of Bruce Ave,1,0,N/A
1465536,8/1/2019,Montana,Toston,Crow Creek Rd,1,0,N/A
1464941,7/30/2019,Arizona,Tucson,4700 block of Linden Street,1,0,N/A
1462854,7/30/2019,Arizona,Tucson,4700 block of E Linden St,1,0,N/A
1461837,7/28/2019,Alabama,Birmingham,7527 66th St S,1,0,N/A
1460448,7/28/2019,California,Gilroy,7050 Miller Ave,4,17,N/A
1461352,7/28/2019,Wisconsin,Chippewa Falls,16964 54th Ave,5,2,N/A
1461110,7/28/2019,Illinois,Chicago,9600 block of S Escanaba Ave,1,0,N/A
1457725,7/24/2019,Montana,Whitefish,4400 block of US 93,3,0,N/A
1452782,7/20/2019,Florida,Pensacola (West Pensacola),Wyoming Dr and New York Dr,2,0,N/A
1452378,7/19/2019,Missouri,Saint Louis,4700 block of Page Blvd,1,0,N/A
1451573,7/18/2019,District of Columbia,Washington,2700 block of Naylor Rd SE,1,0,N/A
1450611,7/16/2019,Iowa,Des Moines,1003 Day St,3,0,N/A
1446631,7/13/2019,Wisconsin,Milwaukee,42nd St and Townsend St,1,0,N/A
1442623,7/8/2019,North Carolina,Manson,Ellington Rd,2,1,N/A
1441026,7/6/2019,North Carolina,Winston Salem (Winston-salem),2891 Cole Ridge Cir,1,0,N/A
1438084,7/2/2019,Texas,Spring,2800 block of Trailing Vine Rd,1,2,N/A
1437767,6/30/2019,Arizona,Glendale,5531 N 61st Lane,2,0,N/A
1437037,6/30/2019,Louisiana,Lafayette,100 block of Northern Ave,1,0,N/A
1434639,6/28/2019,Louisiana,Shreveport,3800 block of Elmer Ln,1,0,N/A
1433062,6/27/2019,Georgia,Gainesville,4821 Poplar Springs Rd,2,0,N/A
1430164,6/24/2019,Tennessee,Memphis,3670 Pershing Park Dr,1,0,N/A
1429887,6/24/2019,Florida,Port Saint Lucie,1900 SE Hillmoor Dr,2,1,N/A
1429333,6/23/2019,South Carolina,Anderson,1209 West End Ave,1,2,N/A
1429406,6/23/2019,Mississippi,Jackson,Ginger Dr,1,0,N/A
1428280,6/21/2019,Texas,Katy,28200 block of S Firethorne Rd,1,0,N/A
1427218,6/20/2019,South Carolina,Greenville,Dronfield Dr,1,0,N/A
1429770,6/18/2019,Wisconsin,Milwaukee,N 45th St and W Concordia Ave,1,0,N/A
1424941,6/17/2019,Arkansas,Dardanelle,South 3rd St,2,0,N/A
1424395,6/17/2019,Wisconsin,Kenosha,2000 block of 60th St,1,0,N/A
1428080,6/15/2019,North Carolina,Sugar Loaf,Pine Meadows Ln,2,0,N/A
1423015,6/15/2019,Iowa,West Des Moines,935 65th St,4,0,N/A
1420962,6/12/2019,Mississippi,Brookhaven,2457 Grant Rd,1,0,N/A
1421241,6/12/2019,Georgia,Gray,N/A,1,0,N/A
1419431,6/10/2019,South Carolina,North Charleston,2800 block of Ranger Drive,1,0,N/A
1418854,6/10/2019,Tennessee,Maryville,419 Savannah Village Drive,2,0,N/A
1419519,6/10/2019,Missouri,Saint Louis,1500 block of 20th St,1,0,N/A
1418610,6/9/2019,Missouri,Saint Louis,4600 block of Michigan Ave,1,1,N/A
1418340,6/9/2019,Texas,Channelview,15100 block of Brentwood Dr,1,0,N/A
1418818,6/9/2019,Idaho,Montpelier,US Hwy 30,1,0,N/A
1415239,6/5/2019,North Carolina,Red Springs,14000 block of N.C. Highway 72 West,1,0,N/A
1416009,6/4/2019,Oklahoma,Idabel,1900 block of Hillcrest Dr,3,0,N/A
1412997,6/2/2019,Florida,Miami Gardens,NW 207th St and 37th Ave,2,0,N/A
1408655,5/28/2019,California,Oroville,82 Yellow Hammer Drive,3,0,N/A
1405954,5/26/2019,Virginia,Richmond,2813 Bainbridge St,1,2,N/A
1517831,5/26/2019,Wisconsin,Kiel,123 Southridge Drive,3,0,N/A
1405012,5/25/2019,Louisiana,Baton Rouge,3766 Lanier Dr,1,0,N/A
1403376,5/23/2019,Colorado,Denver,3090 S Golden Way,3,0,N/A
1398159,5/17/2019,Missouri,Kansas City,11300 block of Calico Dr,1,0,N/A
1398823,5/17/2019,New York,Guilderland,169 Schoolhouse Rd,2,0,N/A
1398153,5/17/2019,Arkansas,Little Rock,2123 Labette Manor,1,0,N/A
1398927,5/16/2019,Oklahoma,Calera,1193 Sterret Rd,1,0,N/A
1395167,5/14/2019,South Carolina,Lexington,100 block of Cedar Vale Dr,1,2,N/A
1394309,5/13/2019,Illinois,Peoria,2825 W Ann St,1,1,N/A
1393162,5/12/2019,Ohio,Toledo,1121 Joyce Lane,1,0,N/A
1395097,5/11/2019,Tennessee,Jackson,164 Allen Ave,1,0,N/A
1386607,5/4/2019,Texas,Conroe,10734 Stidham Rd,1,0,N/A
1385486,5/2/2019,Texas,Lufkin,N/A,1,0,N/A
1385188,5/1/2019,Arkansas,Osceola,Buckingham St,1,0,N/A
1384726,4/30/2019,Missouri,Saint Louis,5900 block of Ferris Ave,2,0,N/A
1377915,4/22/2019,Texas,Fort Worth,2016 Speckle Dr,4,0,N/A
1376917,4/20/2019,Ohio,Cleveland,14210 Rexwood Ave,1,0,N/A
1376768,4/20/2019,South Carolina,Newberry,Cherry Ln,1,1,N/A
1373896,4/16/2019,Georgia,Augusta,Meadowbrook Dr,1,0,N/A
1370128,4/12/2019,Georgia,Ellenwood,3500 Block of Satellite Blvd,1,0,N/A
1369988,4/12/2019,Florida,Haines City,99 Citrus Ridge Ct,3,0,N/A
1369148,4/11/2019,Arizona,Phoenix,7112 W Minnezona Ave,3,2,N/A
1367053,4/9/2019,South Carolina,Cheraw,Society Hill Rd,3,0,N/A
1366615,4/8/2019,Georgia,Dallas,158 Laurelcrest Ln,1,0,N/A
1365164,4/7/2019,New Mexico,Albuquerque,6700 block of Kelly Ave NE,1,0,N/A
1363489,4/4/2019,Arizona,Tucson,2462 W Kessler Pl,2,0,N/A
1362523,4/3/2019,Arizona,Phoenix,3829 W Moreland St,1,1,N/A
1359745,3/31/2019,Alabama,Ohatchee,2700 block of Kirkseys Bend Rd,2,1,N/A
1354417,3/24/2019,Indiana,Indianapolis,5600 block of Culver St,1,0,N/A
1353341,3/23/2019,Illinois,Harvey,14600 block of Des Plaines St,1,0,N/A
1354026,3/22/2019,North Carolina,Fayetteville,3100 Cricket Rd,1,0,N/A
1351167,3/19/2019,Oklahoma,Ripley,10600 block of E 56th St,3,0,N/A
1351258,3/18/2019,Minnesota,Ogema,26494 Beaver Trail,2,0,N/A
1348185,3/16/2019,Florida,Miami Gardens,21200 block of NW 27th Ct,1,0,N/A
1348665,3/16/2019,Maine,Presque Isle,728 Reach Rd,2,0,N/A
1340200,3/4/2019,Georgia,Morganton,300 Underwood Road,3,0,N/A
1336802,2/27/2019,Illinois,Joliet,503 Whitley Ave,4,0,N/A
1333774,2/23/2019,South Carolina,North Charleston,2800 block of O'Brien St,1,0,N/A
1333259,2/21/2019,Oregon,Prineville,3444 SE Umatilla Loop,3,0,N/A
1329640,2/18/2019,Michigan,Cedar Springs,221 19 Mile Rd NE,4,0,N/A
1326968,2/13/2019,Louisiana,Marrero,2000 block of Rue Racine,1,0,N/A
1326667,2/13/2019,Maryland,North Beach,Bedford Dr,1,0,N/A
1324279,2/11/2019,Texas,Livingston,3628 FM 3126,5,0,N/A
1323697,2/9/2019,Mississippi,Saucier,Riceville Rd and McHenry Rd,2,0,N/A
1323022,2/8/2019,Florida,Jacksonville,2401 Jammes Rd,1,0,N/A
1318461,2/3/2019,Georgia,Harlem,1407 Country Woods Ln,1,0,N/A
1317385,2/1/2019,Ohio,Miamisburg,3049 Sagebrook Dr,2,1,N/A
1313540,1/26/2019,Alabama,Mobile (Prichard),422 Minnie B Turnbo Dr,1,1,N/A
1310267,1/24/2019,Michigan,Detroit,Southfield Fwy and Plymouth Rd,1,0,N/A
1308241,1/21/2019,Virginia,Hanover (Mangohick),100 block of Robin Ln,1,0,N/A
1307368,1/21/2019,Kansas,Wichita,2201 E MacArthur Rd,1,0,N/A
1308718,1/19/2019,Texas,Temple,4700 block of Midway Dr,2,0,N/A
1311385,1/17/2019,Florida,Fort Myers,1429 Floral Dr,2,0,N/A
1304947,1/17/2019,New Mexico,Santa Fe,Pacheco Canyon Rd,2,0,N/A
1302992,1/16/2019,Texas,Houston,4000 W 34th St,1,0,N/A
1301688,1/13/2019,Alabama,Orrville,N/A,1,0,N/A
1299668,1/12/2019,Louisiana,New Orleans,6780 Bundy Rd,1,0,N/A
1298558,1/11/2019,North Carolina,Durham,3600 block of Suffolk St,2,1,N/A
1298089,1/10/2019,Texas,Boerne,11314 Anaqua Spgs,3,0,N/A
1298774,1/10/2019,California,Willits,5000 block of Hearst Willits Rd,3,0,N/A
1297249,1/9/2019,Pennsylvania,Lancaster,1320 Harrisburg Pike,2,0,N/A
1294018,1/2/2019,Pennsylvania,Middletown,134 S Union St,3,0,N/A
1288201,12/30/2018,Texas,Houston,15491 Wallisville Rd,1,1,N/A
1289168,12/29/2018,Indiana,Marion,2300 block of Gallatin St,3,0,N/A
1287286,12/28/2018,Missouri,Saint Charles,150 Whetstone Dr,4,1,N/A
1285972,12/27/2018,Arkansas,Little Rock,2A Eagle Hill Dr,2,0,N/A
1280379,12/19/2018,Florida,Valrico,1512 Emerald Hill Way,4,0,N/A
1277947,12/16/2018,Florida,Homestead,11441 SW 242nd Ln,4,0,N/A
1278778,12/14/2018,Missouri,Florissant,13 Holly Ln,1,0,N/A
1277170,12/14/2018,Michigan,Roseville,16415 Dort St,1,0,N/A
1266173,11/29/2018,Indiana,Lebanon,300 block of N Park St,1,0,N/A
1264155,11/27/2018,Georgia,Columbus,Stuart Dr,2,0,N/A
1264802,11/24/2018,Oregon,Harrisburg,N/A,1,0,N/A
1261231,11/22/2018,Ohio,Toledo,I-75 and Collingwood Blvd,1,0,N/A
1260953,11/22/2018,Georgia,Savannah,900 block of E 35th St,1,0,N/A
1259542,11/20/2018,Tennessee,Memphis,2940 Hickory Hill Rd,1,0,N/A
1258320,11/18/2018,Texas,Dallas,9600 block of Beckleycrest Ave,1,0,N/A
1259582,11/17/2018,Arkansas,Lamar,Cabin Creek Ave,1,0,N/A
1256740,11/16/2018,South Carolina,Greenwood,126 Perch St,3,0,N/A
1256271,11/15/2018,Georgia,Jonesboro,300 block of Blackhawk Tr,1,0,N/A
1256230,11/14/2018,Alabama,Collegeville,31st St N,1,0,N/A
1251637,11/8/2018,Arkansas,Camden,1516 Copeland St,1,0,N/A
1249551,11/7/2018,Ohio,Youngstown,Pasadena Ave and Gibson St,3,0,N/A
1248818,11/6/2018,Kansas,Kansas City,1610 N 85th St,1,1,N/A
1248514,11/6/2018,Missouri,Clinton,500 block of South 11 St. Terrace,1,0,N/A
1248423,11/5/2018,Georgia,Hephzibah,1600 Block of Keron Way,1,0,N/A
1247546,11/4/2018,Alabama,Prattville,100 block of Laurel Hill Drive,1,0,N/A
1247542,11/4/2018,Oregon,Baker City,Birch St,1,0,N/A
1247308,11/3/2018,Arizona,Litchfield Park,N Litchfield Rd and W Indian School Rd,2,0,N/A
1246968,11/2/2018,Louisiana,Baton Rouge,1700 block of Madison Ave,1,0,N/A
1246006,11/1/2018,Nevada,North Las Vegas,6700 block of Courtney Michelle St,2,0,N/A
1243438,10/29/2018,Tennessee,Whitleyville,274 N Fork Rd,1,2,N/A
1243703,10/29/2018,Alabama,Montgomery,3750 S Court St,1,0,N/A
1241474,10/25/2018,South Carolina,Walterboro,11592 Jefferies Hwy,1,0,N/A
1240844,10/25/2018,Indiana,Logansport,1531 Treen St,1,0,N/A
1245249,10/21/2018,Colorado,Colorado Springs,1500 block of Hartford St,1,0,N/A
1238496,10/21/2018,Florida,Tampa,4302 Mariners Cove Ct,2,0,N/A
1238134,10/21/2018,Tennessee,Saint Joseph,3825 US-43,1,0,N/A
1234694,10/16/2018,Pennsylvania,New Castle,819 W North St,3,0,N/A
1245001,10/14/2018,Oklahoma,Tulsa,E Seminole Place and N Greenwood Ave,3,0,N/A
1244777,10/14/2018,Oklahoma,Tulsa,N Greenwood Pl,3,0,N/A
1230196,10/9/2018,Michigan,Flint,200 block of West Austin Ave,1,0,N/A
1228092,10/8/2018,Virginia,Henrico (Highland Springs),203 S Holly Ave,1,0,N/A
1228329,10/6/2018,Georgia,Lavonia (Gumlog),Rue Fleur de lis,1,0,N/A
1227063,10/6/2018,Illinois,Chicago,2200 block of N Kilbourn Ave,1,1,N/A
1226148,10/5/2018,Ohio,Cincinnati (Mount Healthy),7840 Clovernook Avenue,1,0,N/A
1226144,9/30/2018,Tennessee,Memphis,800 block of N Highland St,1,1,N/A
1222370,9/30/2018,South Carolina,Columbia,100 block of Beatty Downs Rd,2,0,N/A
1221204,9/30/2018,Tennessee,Memphis,3673 S 3rd Street,1,2,N/A
1219905,9/27/2018,Texas,Rusk,FM 1209,1,0,N/A
1217275,9/24/2018,South Carolina,Warrenville,1100 block of Oxpens Rd,1,0,N/A
1215761,9/22/2018,Arkansas,Little Rock,5207 Wycliffe Dr,1,0,N/A
1214654,9/20/2018,Nevada,Henderson,1146 Paradise Garden Dr,4,0,N/A
1214964,9/20/2018,West Virginia,Gerrardstown,291 Tall Pine Ln,1,1,N/A
1211994,9/17/2018,Louisiana,Livingston,18000 block of Murphy Estate Ln,1,0,N/A
1211659,9/17/2018,Maryland,Silver Spring,123 Amberleigh Dr,4,1,N/A
1209783,9/13/2018,North Carolina,Greensboro,3117 Henry St,1,1,N/A
1210032,9/13/2018,Michigan,Detroit,19000 block of Lyndon,2,1,N/A
1208646,9/13/2018,California,Sacramento,7400 block of Della Cir,1,0,N/A
1204762,9/5/2018,Virginia,Herndon,1000 block of Safa Street,3,0,N/A
1203498,9/4/2018,Kentucky,Smiths Grove,223 Buck Creek Rd,1,0,N/A
1203994,9/4/2018,Indiana,Gary,1700 block of Polk St,1,0,N/A
1200408,8/31/2018,Kentucky,Totz,63 Totz Loop,1,0,N/A
1198973,8/28/2018,Georgia,Oxford,65 Brown Thrasher Run,1,0,N/A
1200749,8/28/2018,Maryland,Halethorpe (Lansdowne),3100 block of Bero Rd,1,0,N/A
1197134,8/27/2018,Illinois,Chicago,6200 block of North Richmond St,3,0,N/A
1197105,8/26/2018,Illinois,Kankakee,N/A,1,0,N/A
1195810,8/24/2018,Alabama,Madison,Tybee Dr,1,0,N/A
1192594,8/20/2018,Oregon,Bend,20064 Mount Hope Ln,1,1,N/A
1189258,8/17/2018,Louisiana,West Monroe,Philpot Rd,1,0,N/A
1189020,8/16/2018,South Carolina,Ridgeland,1700 Fordville Rd,1,0,N/A
1187669,8/15/2018,Kentucky,Louisville,1708 S 32nd St,1,0,N/A
1185520,8/12/2018,California,Clearlake,4786 Yarrington Ct,4,1,N/A
1185068,8/11/2018,Florida,Jacksonville,7940 103rd St,1,0,N/A
1182592,8/8/2018,Tennessee,La Follette (LaFollette),2221 Jacksboro Pike,1,0,N/A
1182426,8/7/2018,North Carolina,Wilmington,5705 Andrews Reach Loop,2,0,N/A
1180857,8/5/2018,Virginia,Mc Lean (Mclean),1500 block of Lincoln Cir,2,0,N/A
1182786,8/4/2018,Tennessee,Big Rock,400 block of Highway 120,1,0,N/A
1175534,7/30/2018,New York,Corona (Queens),23-07 30th Dr,4,0,N/A
1175472,7/28/2018,Alabama,Athens,17893 W Market St,3,0,N/A
1173707,7/27/2018,Alaska,Anchorage,900 block of Chugach Way,1,0,N/A
1173190,7/26/2018,Indiana,Shirley,2463 N Mechanicsburg Rd,3,0,N/A
1171496,7/24/2018,Maine,Oakland,19 Church St,1,0,N/A
1171930,7/24/2018,California,Middletown,17000 block of Pine View Drive,3,0,N/A
1167931,7/20/2018,California,San Bernardino (Muscoy),2700 block of Duffy St,1,0,N/A
1165420,7/17/2018,New Jersey,Bridgeton,17 Elmer St,1,0,N/A
1165183,7/16/2018,District of Columbia,Washington,300 block of 53rd St NE,1,4,N/A
1163406,7/13/2018,Indiana,Salem,5000 block of S PD Baker Rd,1,0,N/A
1164073,7/13/2018,South Carolina,Hemingway,N/A,3,0,N/A
1161925,7/12/2018,Texas,Houston,14022 Edgeboro St,3,0,N/A
1161078,7/10/2018,Texas,Hockley,31703 Dunham Lake Dr,1,0,N/A
1160253,7/9/2018,Delaware,Wilmington,2709 Ferris Rd,5,0,N/A
1160697,7/8/2018,Oregon,Grants Pass,5472 Monument Dr,2,0,N/A
1159278,7/8/2018,Texas,Houston,8405 Knox St,1,0,N/A
1158586,7/7/2018,Georgia,Augusta,3100 block of Skinner Mill Rd,1,0,N/A
1159025,7/7/2018,California,Fresno,382 W Audubon Drive,1,0,N/A
1157086,7/5/2018,Mississippi,Moorhead,US-82 and MS-3,2,0,N/A
1156772,7/5/2018,Maryland,Baltimore,500 block of Lyndhurst St,1,0,N/A
1157671,7/5/2018,Louisiana,Chalmette,500 block of Pierre St,1,0,N/A
1154558,7/2/2018,New York,Buffalo,Grape St,2,2,N/A
1155641,7/2/2018,Missouri,Hartville,Abrams Rd,1,0,N/A
1154041,7/1/2018,Maryland,La Plata,13140 Charles St,2,0,N/A
1152899,6/29/2018,Indiana,Indianapolis,3621 Bunker Hill Dr,2,0,N/A
1150235,6/26/2018,Missouri,Monett,500 block of Pleasant Dr,1,0,N/A
1148883,6/23/2018,Louisiana,Oakdale,Prater St,1,0,N/A
1145852,6/20/2018,Ohio,Cleveland,Lee Rd and Harvard Ave,1,0,N/A
1471533,6/19/2018,Michigan,Lansing,800 block of Loa St,2,0,N/A
1142051,6/14/2018,Texas,Longview,800 block of Owings Ave,1,0,N/A
1139610,6/12/2018,Missouri,Saint Joseph,1909 S 12th St,1,0,N/A
1138324,6/11/2018,Florida,Orlando,4932 Eaglesmere Dr,5,1,N/A
1138758,6/10/2018,Illinois,Darien,7500 block of Farmingdale Dr,3,0,N/A
1135299,6/7/2018,Mississippi,Greenville,N/A,1,0,N/A
1134422,6/6/2018,Virginia,Raphine,2200 block of Raphine Rd,2,0,N/A
1133961,6/5/2018,Kentucky,Elizabethtown,43 West Airview Dr,1,0,N/A
1133365,6/4/2018,Ohio,Dayton,2500 block of Wheeler Ave,1,0,N/A
1132595,6/4/2018,Illinois,Chicago,900 block of W 119th St,1,0,N/A
1129432,5/31/2018,South Carolina,Timmonsville,544 Chaney Grove Rd,3,2,N/A
1130871,5/31/2018,Texas,Laredo,2500 block of Monterrey Ave,1,0,N/A
1129050,5/30/2018,Nevada,Las Vegas,3975 North Nellis Blvd,1,0,N/A
1128546,5/29/2018,Louisiana,La Place (Laplace),Joe Parquet Circle,2,0,N/A
1126217,5/26/2018,Utah,Salt Lake City (West Valley City),2700 S Fair Isle Ln,1,0,N/A
1122852,5/22/2018,Virginia,Louisa,Bakers Branch Rd,1,0,N/A
1122946,5/22/2018,Virginia,Roanoke,3441 Bennett Dr,1,0,N/A
1121440,5/20/2018,Michigan,River Rouge,Campbell St,1,0,N/A
1116705,5/16/2018,Texas,Ponder,610 Lone Star Park Ln,5,1,N/A
1117434,5/16/2018,Minnesota,Minneapolis (Plymouth),6000 block of Shenandoah Ln,1,0,N/A
1115051,5/13/2018,California,Stockton,2436 Belleview St,3,2,N/A
1113078,5/10/2018,Louisiana,Shreveport,100 block of N Pierre Ave,1,0,N/A
1110096,5/7/2018,Virginia,Richmond,200 block of N Laburnum Ave,1,0,N/A
1109289,5/6/2018,Texas,Rowlett,Hickox Rd and Rolett Rd,2,0,N/A
1108761,5/5/2018,Texas,Rowlett,5900 block of Mimosa Ln,2,0,N/A
1109979,5/5/2018,Indiana,East Chicago,3700 block of Elm St,1,0,N/A
1109045,5/5/2018,Georgia,Decatur,3539 Sweetgum Ln,1,0,N/A
1108431,5/4/2018,South Carolina,Walterboro,Robinson Rd,1,0,N/A
1107289,5/3/2018,North Dakota,Grand Forks,1006 S 12th St,4,0,N/A
1098556,4/23/2018,Ohio,Streetsboro,900 block of Alden Dr,1,0,N/A
1098069,4/22/2018,California,Modesto,1800 block of Rancho Encantado,3,0,N/A
1096402,4/20/2018,Ohio,Wickliffe,28611 Euclid Avenue,1,0,N/A
1089021,4/10/2018,North Carolina,Snow Hill,1043 Davis Grove Church Rd,2,0,N/A
1082827,4/1/2018,Georgia,Atlanta,1200 block of Bouldercrest Rd SE,1,0,N/A
1081894,3/31/2018,Missouri,Saint Louis,3100 block of California Ave,1,0,N/A
1081647,3/31/2018,Florida,Miami,NW 65th St and NW 13th Ct,1,0,N/A
1080392,3/29/2018,Missouri,Florissant,1415 East Duchesne,3,0,N/A
1080374,3/29/2018,Indiana,Indianapolis,3500 block of N Wittfield St,1,1,N/A
1081623,3/25/2018,Alaska,Barrow (Utqiagvik),N/A,1,0,N/A
1074961,3/21/2018,Kentucky,Burlington,5900 block of Peoples Ln,2,0,N/A
1075597,3/21/2018,Texas,Martinsville,TX 7,1,0,N/A
1069080,3/14/2018,New York,Brooklyn,345 Thatford Ave,4,0,N/A
1068526,3/13/2018,Washington,Spanaway,5707 209th St E,4,0,N/A
1068073,3/12/2018,Alabama,Mobile,8070 Domain St,1,0,N/A
1068059,3/12/2018,Louisiana,Lake Providence,300 Church Street,1,0,N/A
1067443,3/12/2018,Missouri,Cape Girardeau,50 Green Acres Dr,1,0,N/A
1066875,3/10/2018,Florida,Ocala,FR 88,3,0,N/A
1066577,3/10/2018,Wisconsin,Milwaukee,4500 block of N 38th St,1,0,N/A
1065208,3/7/2018,Alabama,Huntsville,615 Murray Road,1,0,N/A
1062802,3/2/2018,Colorado,Arboles,N/A,1,0,N/A
1061451,3/1/2018,North Carolina,Laurinburg,3rd St,1,0,N/A
1060419,3/1/2018,Texas,Houston,3900 block of Scott St,1,1,N/A
1055120,2/21/2018,New Jersey,Asbury Park,405 Ridge Ave,1,1,N/A
1053616,2/20/2018,Michigan,Bay City,3700 block of Wheeler Rd,3,0,N/A
1053272,2/20/2018,Alabama,Moulton,Pinhook Rd,1,0,N/A
1052294,2/18/2018,Florida,Jacksonville,1300 block of Mount Herman St,1,1,N/A
1053085,2/18/2018,California,Madera,Tozer St and Olive Ave,1,1,N/A
1051659,2/16/2018,Ohio,Akron,900 block of Mercer Ave,1,0,N/A
1047484,2/10/2018,Missouri,Barnhart,7218 Valley Dr,2,0,N/A
1045450,2/8/2018,Alabama,Talladega,N/A,1,0,N/A
1042224,2/3/2018,South Carolina,Dillon,Lester Rd,1,2,N/A
1041668,2/2/2018,Missouri,Saint Louis,6200 block of Kinsey Pl,3,0,N/A
1039068,1/29/2018,Missouri,Poplar Bluff,Hwy JJ,1,0,N/A
1037937,1/28/2018,Texas,Houston,1400 block of W Gulf Bank Rd,1,0,N/A
1037226,1/27/2018,Texas,Texas City,2800 block of Lynn Cir,1,0,N/A
1036936,1/26/2018,Florida,Marianna,Townhouse Rd,1,0,N/A
1035257,1/25/2018,Georgia,Byromville,Church Ave and Hill Street,3,1,N/A
1035148,1/24/2018,Texas,Fort Worth,3900 block of Lawnwood St,1,0,N/A
1031762,1/20/2018,California,Compton,2876 W Alondra Blvd,1,0,N/A
1031949,1/20/2018,Missouri,Kansas City,Emmanuel Cleaver II Blvd and US 71,1,0,N/A
1030452,1/17/2018,Michigan,Grand Rapids,Montgomery St SE,2,0,N/A
1025673,1/12/2018,Tennessee,Nashville,2614 Jenkins Ct,3,2,N/A
1022547,1/8/2018,Texas,Galveston,5222 Seawall Blvd,4,0,N/A
1020918,1/5/2018,California,Santa Clarita,28871 Startree Ln,4,0,N/A
1018902,1/1/2018,Alabama,Bessemer (Concord),6400 block of William Dr,1,0,N/A
1019515,1/1/2018,Michigan,Flint,5501 Granville Ave,1,0,N/A
1018424,12/31/2017,Utah,Magna,2665 S 8990 W,2,0,N/A
1019128,12/31/2017,California,West Sacramento,1050 W Capitol Ave,3,0,N/A
1016162,12/28/2017,Florida,West Palm Beach,822 S 3rd St,2,0,N/A
1015791,12/28/2017,Alabama,Brierfield,12772 Montevallo Rd,1,0,N/A
1015948,12/28/2017,Texas,Greenville,4200 block of Pickett St,1,0,N/A
1014780,12/26/2017,Pennsylvania,Pittsburgh,1913 Columbia Ave,2,2,N/A
1014251,12/25/2017,Arizona,Phoenix,1601 East Highland Avenue,3,1,N/A
1013165,12/22/2017,Maryland,Aquasco,15500 block of Saint Phillips Rd,1,0,N/A
1011595,12/21/2017,Texas,Schertz,125 Nu Pecan Grove,2,0,N/A
1008345,12/15/2017,Arizona,Buckeye,1422 S 230th Avenue,1,0,N/A
1008570,12/15/2017,Florida,Miami,11341 SW 216th St,1,0,N/A
1007370,12/11/2017,Texas,Austin,8000 block of El Dorado Dr,2,0,N/A
1005355,12/10/2017,Utah,Roosevelt (Ballard),N/A,1,0,N/A
1004187,12/9/2017,Texas,North Richland Hills,7453 S College Cir,3,0,N/A
1003262,12/7/2017,North Carolina,Weldon,775 Elm Street,1,0,N/A
1002553,12/6/2017,Michigan,Detroit,11000 block of Rossiter,1,0,N/A
1001469,12/5/2017,Alaska,Anchorage,5700 block of Rocky Mountain Ct,1,0,N/A
1299075,12/2/2017,North Dakota,Devils Lake,200 block of Kemp Ave SE,1,0,N/A
993889,11/23/2017,Texas,San Antonio,1200 block of Harwood Dr,1,0,N/A
991957,11/19/2017,Texas,Denison,1700 block of W Elm St,1,1,N/A
987284,11/13/2017,Missouri,Pierce City,Farm Road 1050,2,0,N/A
987118,11/13/2017,Tennessee,Memphis,Airways Blvd and Ketchum Rd,1,2,N/A
985057,11/10/2017,Arizona,Scottsdale,13420 N 103rd Place,4,0,N/A
985018,11/10/2017,Tennessee,Memphis,3527 S Mendenhall Rd,1,0,N/A
985609,11/10/2017,California,Bakersfield,800 block of Pershing St,1,2,N/A
984493,11/9/2017,Michigan,Kalamazoo,100 block of Emerson St,3,0,N/A
984476,11/9/2017,Pennsylvania,Philadelphia,200 block of W Godfrey,1,0,N/A
1014364,11/9/2017,Utah,Mapleton,1502 N. Highway 89,4,0,N/A
983400,11/7/2017,Oregon,Roseburg,463 Whispering Pines Way,3,0,N/A
981724,11/5/2017,Texas,Waco (Hallsburg),Willbanks Dr,2,0,N/A
980577,11/5/2017,Texas,Sutherland Springs,216 4th St,27,20,N/A
980493,11/4/2017,Texas,San Antonio,New Laredo Hwy and Briggs Ave,1,0,N/A
978859,11/2/2017,Texas,Mabank,239 Forest Lane Dr,2,0,N/A
979099,11/2/2017,Louisiana,Arnaudville,1000 block of Kennedy Drive,1,0,N/A
979707,10/31/2017,Wisconsin,Baldwin,N/A,2,0,N/A
975519,10/28/2017,California,Modesto,1400 block of Lake Park Ct,1,1,N/A
978056,10/25/2017,South Carolina,Hampton,822 Melvins Circle,1,0,N/A
964421,10/20/2017,New York,Rochester,Walnut St,1,0,N/A
963933,10/19/2017,Florida,Jacksonville,2000 Block of Broadway Ave,1,1,N/A
963483,10/18/2017,Arkansas,Forrest City,Wolf Street,3,0,N/A
960036,10/15/2017,Texas,Houston,6233 Gulfton St,2,2,N/A
958930,10/14/2017,Illinois,Decatur,1400 block of E Wellington Way,1,0,N/A
961710,10/14/2017,Louisiana,Zachary,3400 block of Hancock Street,1,0,N/A
958984,10/13/2017,Michigan,Flint,N Dort Hwy and Carpenter Rd,1,0,N/A
957562,10/11/2017,Ohio,Pedro,15497 SR 93,4,0,N/A